frame,sec,nsec,scan_time,dx,dy,dtheta,x,y,theta,bag_path
484, 1591289204, 763512121, 0, -0.00166667, -3.25153e-05, 0, -0.00166667, -3.25153e-05, 0,2020-06-04-16-46-44.bag
485, 1591289205, 51142268, 0, -0.00166667, -3.25153e-05, -0.000260123, -0.00333334, -6.50305e-05, -0.000260123,2020-06-04-16-46-44.bag
486, 1591289205, 357661081, 0, 0.0207922, -0.00258396, -0.0027069, 0.0174582, -0.00265439, -0.00296703,2020-06-04-16-46-44.bag
487, 1591289205, 646445288, 0, 0.099303, -0.00122593, -0.0255978, 0.116757, -0.00417495, -0.0285649,2020-06-04-16-46-44.bag
488, 1591289205, 954204828, 0, 0.169465, -0.00540745, -0.0578928, 0.285999, -0.0144203, -0.0864577,2020-06-04-16-46-44.bag
489, 1591289206, 242987025, 0, 0.170576, -0.0207984, -0.0728928, 0.454142, -0.0498703, -0.159351,2020-06-04-16-46-44.bag
490, 1591289206, 550757358, 0, 0.149722, -0.0230618, -0.0745595, 0.598308, -0.0963973, -0.23391,2020-06-04-16-46-44.bag
491, 1591289206, 839535548, 0, 0.123845, -0.0195844, -0.0778928, 0.71424, -0.144153, -0.311803,2020-06-04-16-46-44.bag
492, 1591289207, 148555198, 0, 0.0484407, -0.0117026, -0.0198681, 0.756755, -0.170152, -0.331671,2020-06-04-16-46-44.bag
493, 1591289207, 437331332, 0, 0.00987589, -0.00102502, -0.00592972, 0.765759, -0.174337, -0.337601,2020-06-04-16-46-44.bag
494, 1591289207, 724858198, 0, -0.0051241, 0.00354288, -0.00461285, 0.762098, -0.169297, -0.342214,2020-06-04-16-46-44.bag
495, 1591289208, 31373790, 0, -0.00808707, 0.00443909, -0.00538102, 0.755969, -0.162402, -0.347595,2020-06-04-16-46-44.bag
496, 1591289208, 318910061, 0, -0.00742863, 0.0020614, -0.00417389, 0.749687, -0.157933, -0.351768,2020-06-04-16-46-44.bag
497, 1591289208, 625422559, 0, -0.00446567, 0.000250705, -0.00244549, 0.745581, -0.156159, -0.354214,2020-06-04-16-46-44.bag
498, 1591289208, 914208827, 0, -0.00191423, -0.000599775, -0.000890849, 0.743578, -0.156057, -0.355105,2020-06-04-16-46-44.bag
499, 1591289209, 220620318, 0, 0.000143388, -0.00252021, 0.000145577, 0.742836, -0.15847, -0.354959,2020-06-04-16-46-44.bag
500, 1591289209, 509403336, 0, -7.60903e-05, -0.00169717, 0.000218737, 0.742175, -0.160035, -0.35474,2020-06-04-16-46-44.bag
501, 1591289209, 816021640, 0, 0.000527476, -0.00095643, 0.000291896, 0.742337, -0.161115, -0.354449,2020-06-04-16-46-44.bag
502, 1591289210, 103549590, 0, 0.00118591, -0.000188255, 0.000291896, 0.743384, -0.161703, -0.354157,2020-06-04-16-46-44.bag
503, 1591289210, 410151610, 0, 0.000198258, 0.000470182, 0.000291896, 0.743733, -0.161331, -0.353865,2020-06-04-16-46-44.bag
504, 1591289210, 698844185, 0, 0.000856694, 0.000470182, -9.82883e-05, 0.7447, -0.161187, -0.353963,2020-06-04-16-46-44.bag
505, 1591289211, 5380574, 0, 0.000856694, -0.000188254, -9.82881e-05, 0.745438, -0.161661, -0.354061,2020-06-04-16-46-44.bag
506, 1591289211, 294137622, 0, -0.000130961, -0.000188254, -9.82881e-05, 0.74525, -0.161792, -0.35416,2020-06-04-16-46-44.bag
507, 1591289211, 601903348, 0, -0.000130961, -0.000188254, -9.82881e-05, 0.745062, -0.161923, -0.354258,2020-06-04-16-46-44.bag
508, 1591289211, 889442065, 0, -0.000130961, -0.000188254, -9.82881e-05, 0.744874, -0.162054, -0.354356,2020-06-04-16-46-44.bag
509, 1591289212, 197206710, 0, -0.000130961, -0.000188254, -9.82881e-05, 0.744686, -0.162185, -0.354455,2020-06-04-16-46-44.bag
510, 1591289212, 485989260, 0, -0.000130961, -0.000188254, -9.82881e-05, 0.744497, -0.162316, -0.354553,2020-06-04-16-46-44.bag
511, 1591289212, 774798218, 0, -0.000130961, -0.000188254, -9.82881e-05, 0.744309, -0.162447, -0.354651,2020-06-04-16-46-44.bag
512, 1591289213, 81306054, 0, -0.000130961, -0.000188254, -9.82881e-05, 0.744121, -0.162578, -0.354749,2020-06-04-16-46-44.bag
513, 1591289213, 370080204, 0, -0.000130961, -0.000188254, -9.82881e-05, 0.743933, -0.162709, -0.354848,2020-06-04-16-46-44.bag
514, 1591289213, 676602024, 0, -0.000130961, -0.000188254, -9.82881e-05, 0.743745, -0.16284, -0.354946,2020-06-04-16-46-44.bag
515, 1591289213, 965382425, 0, -0.000130961, -0.000188254, -9.82881e-05, 0.743556, -0.162971, -0.355044,2020-06-04-16-46-44.bag
516, 1591289214, 271897224, 0, -0.000130961, -0.000188254, -9.82881e-05, 0.743368, -0.163102, -0.355143,2020-06-04-16-46-44.bag
517, 1591289214, 559423194, 0, -0.000130961, -0.000188254, -9.82881e-05, 0.74318, -0.163233, -0.355241,2020-06-04-16-46-44.bag
518, 1591289214, 865945197, 0, -0.000130961, -0.000188254, -9.82881e-05, 0.742992, -0.163364, -0.355339,2020-06-04-16-46-44.bag
519, 1591289215, 153476008, 0, -0.000130961, -0.000188254, -9.82881e-05, 0.742803, -0.163495, -0.355437,2020-06-04-16-46-44.bag
520, 1591289215, 461238602, 0, -0.000130961, -0.000188254, -9.82881e-05, 0.742615, -0.163626, -0.355536,2020-06-04-16-46-44.bag
521, 1591289215, 748755812, 0, -0.000130961, -0.000188254, -9.82881e-05, 0.742427, -0.163757, -0.355634,2020-06-04-16-46-44.bag
522, 1591289216, 55841708, 0, -0.000130961, -0.000188254, -9.82881e-05, 0.742239, -0.163888, -0.355732,2020-06-04-16-46-44.bag
523, 1591289216, 343364743, 0, -0.000130961, -0.000188254, -9.82881e-05, 0.74205, -0.164019, -0.355831,2020-06-04-16-46-44.bag
524, 1591289216, 651116012, 0, -0.000130961, -0.000188254, -9.82881e-05, 0.741862, -0.16415, -0.355929,2020-06-04-16-46-44.bag
525, 1591289216, 939604328, 0, -0.000130961, -0.000188254, -9.82881e-05, 0.741673, -0.16428, -0.356027,2020-06-04-16-46-44.bag
526, 1591289217, 226872236, 0, -0.000130961, -0.000188254, -9.82881e-05, 0.741485, -0.164411, -0.356125,2020-06-04-16-46-44.bag
527, 1591289217, 534747191, 0, -0.000130961, -0.000188254, -9.82881e-05, 0.741297, -0.164542, -0.356224,2020-06-04-16-46-44.bag
528, 1591289217, 822757652, 0, -0.000130961, -0.000188254, -9.82881e-05, 0.741108, -0.164673, -0.356322,2020-06-04-16-46-44.bag
529, 1591289218, 130573035, 0, -0.000130961, -0.000188254, -9.82881e-05, 0.74092, -0.164804, -0.35642,2020-06-04-16-46-44.bag
530, 1591289218, 419265053, 0, -0.000130961, -0.000188254, -9.82881e-05, 0.740732, -0.164934, -0.356519,2020-06-04-16-46-44.bag
531, 1591289218, 727025865, 0, -0.000130961, -0.000188254, -9.82881e-05, 0.740543, -0.165065, -0.356617,2020-06-04-16-46-44.bag
532, 1591289219, 14591860, 0, -0.000130961, -0.000188254, -9.82881e-05, 0.740355, -0.165196, -0.356715,2020-06-04-16-46-44.bag
533, 1591289219, 322348956, 0, -0.000130961, -0.000188254, -9.82881e-05, 0.740166, -0.165326, -0.356813,2020-06-04-16-46-44.bag
534, 1591289219, 608600376, 0, -0.000130961, -0.000188254, -9.82881e-05, 0.739978, -0.165457, -0.356912,2020-06-04-16-46-44.bag
535, 1591289219, 916364817, 0, -0.000130961, -0.000188254, -9.82881e-05, 0.739789, -0.165588, -0.35701,2020-06-04-16-46-44.bag
536, 1591289220, 203895669, 0, -0.000130961, -0.000188254, -9.82881e-05, 0.739601, -0.165718, -0.357108,2020-06-04-16-46-44.bag
537, 1591289220, 511662542, 0, -0.000130961, -0.000188254, -9.82881e-05, 0.739412, -0.165849, -0.357207,2020-06-04-16-46-44.bag
538, 1591289220, 799191918, 0, -0.000130961, -0.000188254, -9.82881e-05, 0.739224, -0.165979, -0.357305,2020-06-04-16-46-44.bag
539, 1591289221, 105692642, 0, -0.000130961, -0.000188254, -9.82881e-05, 0.739035, -0.16611, -0.357403,2020-06-04-16-46-44.bag
540, 1591289221, 393258167, 0, -0.000130961, -0.000188254, -9.82881e-05, 0.738847, -0.166241, -0.357501,2020-06-04-16-46-44.bag
541, 1591289221, 700973720, 0, -0.000130961, -0.000188254, -9.82881e-05, 0.738658, -0.166371, -0.3576,2020-06-04-16-46-44.bag
542, 1591289221, 988320063, 0, -0.000130961, -0.000188254, -9.82881e-05, 0.73847, -0.166502, -0.357698,2020-06-04-16-46-44.bag
543, 1591289222, 276974746, 0, -0.00291102, 0.000161539, 0.0103955, 0.735799, -0.165331, -0.347302,2020-06-04-16-46-44.bag
544, 1591289222, 583498849, 0, 0.00268568, -0.000963289, 0.00529267, 0.737997, -0.167151, -0.34201,2020-06-04-16-46-44.bag
545, 1591289222, 872620996, 0, 0.00178033, 0.000573061, 0.00321676, 0.739866, -0.167208, -0.338793,2020-06-04-16-46-44.bag
546, 1591289223, 180356680, 0, 0.00265825, 0.00180763, 0.00136491, 0.742974, -0.166387, -0.337428,2020-06-04-16-46-44.bag
547, 1591289223, 469119742, 0, 0.000975579, 0.00094343, -3.12158e-05, 0.744207, -0.165819, -0.337459,2020-06-04-16-46-44.bag
548, 1591289223, 776903975, 0, -0.000917425, -0.0008124, -0.000799392, 0.743072, -0.166282, -0.338259,2020-06-04-16-46-44.bag
549, 1591289224, 65658197, 0, -0.00179534, -0.00147084, -0.000799392, 0.740891, -0.167074, -0.339058,2020-06-04-16-46-44.bag
550, 1591289224, 372154311, 0, -0.00223429, -0.000885559, -0.000579913, 0.738489, -0.167166, -0.339638,2020-06-04-16-46-44.bag
551, 1591289224, 660960506, 0, -0.000780249, -0.000227123, -0.000433594, 0.737678, -0.16712, -0.340072,2020-06-04-16-46-44.bag
552, 1591289224, 968867395, 0, 0.000372014, 6.55157e-05, -0.000214116, 0.73805, -0.167183, -0.340286,2020-06-04-16-46-44.bag
553, 1591289225, 256242226, 0, -0.000286422, -0.000428311, -0.000214116, 0.737637, -0.167491, -0.3405,2020-06-04-16-46-44.bag
554, 1591289225, 562795474, 0, -0.000286423, -0.000428311, -0.000214116, 0.737224, -0.167799, -0.340714,2020-06-04-16-46-44.bag
555, 1591289225, 850288772, 0, -0.000286423, -0.000428311, -0.000214116, 0.736811, -0.168107, -0.340928,2020-06-04-16-46-44.bag
556, 1591289226, 156796701, 0, -0.000286423, -0.000428311, -0.000214116, 0.736398, -0.168415, -0.341142,2020-06-04-16-46-44.bag
557, 1591289226, 445586815, 0, -0.000286423, -0.000428311, -0.000214116, 0.735985, -0.168722, -0.341356,2020-06-04-16-46-44.bag
558, 1591289226, 734366772, 0, -0.000286423, -0.000428311, -0.000214116, 0.735572, -0.16903, -0.341571,2020-06-04-16-46-44.bag
559, 1591289227, 40838472, 0, -0.000286423, -0.000428311, -0.000214116, 0.735158, -0.169338, -0.341785,2020-06-04-16-46-44.bag
560, 1591289227, 328398512, 0, -0.000286423, -0.000428311, -0.000214116, 0.734745, -0.169645, -0.341999,2020-06-04-16-46-44.bag
561, 1591289227, 636153447, 0, -0.000286423, -0.000428311, -0.000214116, 0.734331, -0.169953, -0.342213,2020-06-04-16-46-44.bag
562, 1591289227, 923685778, 0, -0.000286423, -0.000428311, -0.000214116, 0.733918, -0.17026, -0.342427,2020-06-04-16-46-44.bag
563, 1591289228, 231439097, 0, -0.000286423, -0.000428311, -0.000214116, 0.733504, -0.170567, -0.342641,2020-06-04-16-46-44.bag
564, 1591289228, 520210845, 0, -0.000286423, -0.000428311, -0.000214116, 0.733091, -0.170875, -0.342855,2020-06-04-16-46-44.bag
565, 1591289228, 826403278, 0, -0.000286423, -0.000428311, -0.000214116, 0.732677, -0.171182, -0.343069,2020-06-04-16-46-44.bag
566, 1591289229, 115198752, 0, -0.000286423, -0.000428311, -0.000214116, 0.732263, -0.171489, -0.343284,2020-06-04-16-46-44.bag
567, 1591289229, 423256829, 0, -0.000286423, -0.000428311, -0.000214116, 0.731849, -0.171796, -0.343498,2020-06-04-16-46-44.bag
568, 1591289229, 712054944, 0, -0.000286423, -0.000428311, -0.000214116, 0.731435, -0.172102, -0.343712,2020-06-04-16-46-44.bag
569, 1591289230, 19797104, 0, -0.000286423, -0.000428311, -0.000214116, 0.731021, -0.172409, -0.343926,2020-06-04-16-46-44.bag
570, 1591289230, 306091789, 0, -0.000286423, -0.000428311, -0.000214116, 0.730607, -0.172716, -0.34414,2020-06-04-16-46-44.bag
571, 1591289230, 613847347, 0, -0.000286423, -0.000428311, -0.000214116, 0.730193, -0.173022, -0.344354,2020-06-04-16-46-44.bag
572, 1591289230, 901466546, 0, -0.000286423, -0.000428311, -0.000214116, 0.729779, -0.173329, -0.344568,2020-06-04-16-46-44.bag
573, 1591289231, 208041994, 0, -0.000286423, -0.000428311, -0.000214116, 0.729365, -0.173635, -0.344783,2020-06-04-16-46-44.bag
574, 1591289231, 496823732, 0, -0.000286423, -0.000428311, -0.000214116, 0.72895, -0.173942, -0.344997,2020-06-04-16-46-44.bag
575, 1591289231, 784360233, 0, -0.000286423, -0.000428311, -0.000214116, 0.728536, -0.174248, -0.345211,2020-06-04-16-46-44.bag
576, 1591289232, 90244469, 0, -0.000286423, -0.000428311, -0.000214116, 0.728121, -0.174554, -0.345425,2020-06-04-16-46-44.bag
577, 1591289232, 379035339, 0, -0.000286423, -0.000428311, -0.000214116, 0.727707, -0.17486, -0.345639,2020-06-04-16-46-44.bag
578, 1591289232, 686135290, 0, -0.000286423, -0.000428311, -0.000214116, 0.727292, -0.175166, -0.345853,2020-06-04-16-46-44.bag
579, 1591289232, 974933712, 0, -0.000286423, -0.000428311, -0.000214116, 0.726878, -0.175472, -0.346067,2020-06-04-16-46-44.bag
580, 1591289233, 280807360, 0, -0.000286423, -0.000428311, -0.000214116, 0.726463, -0.175777, -0.346281,2020-06-04-16-46-44.bag
581, 1591289233, 568353638, 0, -0.000286423, -0.000428311, -0.000214116, 0.726048, -0.176083, -0.346496,2020-06-04-16-46-44.bag
582, 1591289233, 876112387, 0, 0.0168135, 0.000339866, 0.0034525, 0.741978, -0.181473, -0.343043,2020-06-04-16-46-44.bag
583, 1591289234, 164881865, 0, 0.106975, 0.00243178, 0.0213229, 0.843538, -0.215165, -0.32172,2020-06-04-16-46-44.bag
584, 1591289234, 475146090, 0, 0.110665, -0.004715, 0.0193476, 0.947034, -0.25463, -0.302373,2020-06-04-16-46-44.bag
585, 1591289234, 765631374, 0, 0.197802, 0.00195166, 0.0435588, 1.13644, -0.311669, -0.258814,2020-06-04-16-46-44.bag
586, 1591289235, 73347737, 0, 0.169402, 0.00701187, 0.0336445, 1.302, -0.348247, -0.225169,2020-06-04-16-46-44.bag
587, 1591289235, 360453458, 0, 0.0987885, 0.00320604, 0.00266716, 1.39901, -0.367178, -0.222502,2020-06-04-16-46-44.bag
588, 1591289235, 667058090, 0, 0.109035, -0.00915335, -0.0393699, 1.50334, -0.400167, -0.261872,2020-06-04-16-46-44.bag
589, 1591289235, 955749378, 0, 0.190044, -0.011326, -0.0361189, 1.68397, -0.460307, -0.297991,2020-06-04-16-46-44.bag
590, 1591289236, 247009156, 0, 0.18127, -0.00438084, 0.0460084, 1.85596, -0.517716, -0.251982,2020-06-04-16-46-44.bag
591, 1591289236, 554677353, 0, 0.196733, -0.00769436, 0.0223253, 2.04457, -0.574218, -0.229657,2020-06-04-16-46-44.bag
592, 1591289236, 840933255, 0, 0.249534, -0.00159468, -0.00340855, 2.28719, -0.632575, -0.233066,2020-06-04-16-46-44.bag
593, 1591289237, 148812361, 0, 0.249287, -0.011632, -0.00975972, 2.52705, -0.701469, -0.242825,2020-06-04-16-46-44.bag
594, 1591289237, 438820077, 0, 0.280229, -0.000191689, 0.0290023, 2.79901, -0.769035, -0.213823,2020-06-04-16-46-44.bag
595, 1591289237, 746606263, 0, 0.353356, 0.0153115, 0.0444431, 3.14757, -0.829053, -0.16938,2020-06-04-16-46-44.bag
596, 1591289238, 34108391, 0, 0.332276, 0.0205996, 0.068068, 3.47856, -0.86476, -0.101312,2020-06-04-16-46-44.bag
597, 1591289238, 343135446, 0, 0.313919, 0.0265369, 0.104638, 3.79355, -0.870109, 0.00332611,2020-06-04-16-46-44.bag
598, 1591289238, 631894935, 0, 0.295832, 0.0379853, 0.140609, 4.08926, -0.83114, 0.143935,2020-06-04-16-46-44.bag
599, 1591289238, 939666602, 0, 0.2654, 0.0535408, 0.164148, 4.34423, -0.740084, 0.308083,2020-06-04-16-46-44.bag
600, 1591289239, 227184418, 0, 0.232391, 0.0549811, 0.164271, 4.54901, -0.617223, 0.472355,2020-06-04-16-46-44.bag
601, 1591289239, 534954903, 0, 0.209119, 0.0459276, 0.151864, 4.71433, -0.481178, 0.624219,2020-06-04-16-46-44.bag
602, 1591289239, 822477159, 0, 0.182391, 0.0334997, 0.146048, 4.84275, -0.347395, 0.770267,2020-06-04-16-46-44.bag
603, 1591289240, 130236938, 0, 0.168708, 0.0348577, 0.148874, 4.93956, -0.204901, 0.919141,2020-06-04-16-46-44.bag
604, 1591289240, 419499169, 0, 0.165951, 0.0329372, 0.154676, 5.01403, -0.05298, 1.07382,2020-06-04-16-46-44.bag
605, 1591289240, 727210917, 0, 0.15949, 0.0414558, 0.164443, 5.05363, 0.106981, 1.23826,2020-06-04-16-46-44.bag
606, 1591289241, 17265060, 0, 0.155526, 0.0436025, 0.1715, 5.06318, 0.26822, 1.40976,2020-06-04-16-46-44.bag
607, 1591289241, 304781542, 0, 0.151822, 0.0430477, 0.179031, 5.04503, 0.424981, 1.58879,2020-06-04-16-46-44.bag
608, 1591289241, 611278290, 0, 0.153798, 0.0409489, 0.164031, 5.00132, 0.578016, 1.75282,2020-06-04-16-46-44.bag
609, 1591289241, 897095247, 0, 0.159662, 0.0334394, 0.120085, 4.93953, 0.728987, 1.87291,2020-06-04-16-46-44.bag
610, 1591289242, 204059398, 0, 0.173345, 0.0225226, 0.0693909, 4.86646, 0.88778, 1.9423,2020-06-04-16-46-44.bag
611, 1591289242, 491576590, 0, 0.149662, 0.0166996, 0.00258531, 4.79657, 1.02117, 1.94488,2020-06-04-16-46-44.bag
612, 1591289242, 798082577, 0, 0.183942, 0.00194651, -0.00464606, 4.72754, 1.19168, 1.94024,2020-06-04-16-46-44.bag
613, 1591289243, 86866196, 0, 0.196998, -0.000801545, 0.0425316, 4.65715, 1.37568, 1.98277,2020-06-04-16-46-44.bag
614, 1591289243, 395870889, 0, 0.191133, 0.0164698, 0.109154, 4.56552, 1.54422, 2.09192,2020-06-04-16-46-44.bag
615, 1591289243, 684647040, 0, 0.183027, 0.0303758, 0.147416, 4.44806, 1.68783, 2.23934,2020-06-04-16-46-44.bag
616, 1591289243, 992447758, 0, 0.196237, 0.0420631, 0.171058, 4.29342, 1.81575, 2.4104,2020-06-04-16-46-44.bag
617, 1591289244, 279486612, 0, 0.1992, 0.0413635, 0.177313, 4.11751, 1.91798, 2.58771,2020-06-04-16-46-44.bag
618, 1591289244, 587754514, 0, 0.195853, 0.0422688, 0.176728, 3.92871, 1.98505, 2.76444,2020-06-04-16-46-44.bag
619, 1591289244, 875212500, 0, 0.195853, 0.0456022, 0.176728, 3.72983, 2.01478, 2.94117,2020-06-04-16-46-44.bag
620, 1591289245, 183713848, 0, 0.196827, 0.0451215, 0.178313, 3.52796, 2.00974, 3.11948,2020-06-04-16-46-44.bag
621, 1591289245, 471744559, 0, 0.197568, 0.0475084, 0.174074, 3.32939, 1.96662, 3.29355,2020-06-04-16-46-44.bag
622, 1591289245, 759279773, 0, 0.195517, 0.0418979, 0.168944, 3.14247, 1.8956, 3.4625,2020-06-04-16-46-44.bag
623, 1591289246, 66561981, 0, 0.189859, 0.0407594, 0.142833, 2.97516, 1.79704, 3.60533,2020-06-04-16-46-44.bag
624, 1591289246, 355355531, 0, 0.189645, 0.0349274, 0.107854, 2.82117, 1.68097, 3.71318,2020-06-04-16-46-44.bag
625, 1591289246, 659347050, 0, 0.204089, 0.00858312, 0.0264416, 2.65416, 1.56335, 3.73963,2020-06-04-16-46-44.bag
626, 1591289246, 946875530, 0, 0.214759, -0.00960618, -0.0355002, 2.47127, 1.45037, 3.70413,2020-06-04-16-46-44.bag
627, 1591289247, 253383185, 0, 0.203443, -0.0254292, -0.0749824, 2.28561, 1.36338, 3.62914,2020-06-04-16-46-44.bag
628, 1591289247, 542140261, 0, 0.138504, 0.00409067, -0.0890153, 2.16516, 1.29488, 3.54013,2020-06-04-16-46-44.bag
629, 1591289247, 848660644, 0, 0.191745, -0.0263071, -0.0792546, 1.97823, 1.24472, 3.46087,2020-06-04-16-46-44.bag
630, 1591289248, 136185543, 0, 0.174386, -0.0231384, -0.0833904, 1.8054, 1.21195, 3.37748,2020-06-04-16-46-44.bag
631, 1591289248, 443944616, 0, 0.152709, -0.0151, -0.0640694, 1.65339, 1.19094, 3.31341,2020-06-04-16-46-44.bag
632, 1591289248, 731456664, 0, 0.13953, -0.000312611, -0.0321547, 1.51586, 1.16739, 3.28126,2020-06-04-16-46-44.bag
633, 1591289249, 39231914, 0, 0.140991, 0.00352827, -0.00697219, 1.37673, 1.14427, 3.27429,2020-06-04-16-46-44.bag
634, 1591289249, 326746295, 0, 0.176407, 0.00569104, 0.00825338, 1.20263, 1.11529, 3.28254,2020-06-04-16-46-44.bag
635, 1591289249, 633278614, 0, 0.261191, 0.0016124, 0.0262644, 0.944256, 1.077, 3.3088,2020-06-04-16-46-44.bag
636, 1591289249, 922083845, 0, 0.248167, 0.00568647, 0.0303384, 0.700497, 1.03009, 3.33914,2020-06-04-16-46-44.bag
637, 1591289250, 229813701, 0, 0.225337, 0.0123943, 0.0809935, 0.481975, 0.973713, 3.42014,2020-06-04-16-46-44.bag
638, 1591289250, 521078010, 0, 0.217976, 0.0368079, 0.17648, 0.282521, 0.87839, 3.59662,2020-06-04-16-46-44.bag
639, 1591289250, 809839479, 0, 0.20026, 0.0612523, 0.235157, 0.129556, 0.735359, 3.83177,2020-06-04-16-46-44.bag
640, 1591289251, 116780275, 0, 0.20026, 0.0630081, 0.244478, 0.0152449, 0.559271, 4.07625,2020-06-04-16-46-44.bag
641, 1591289251, 405569705, 0, 0.205322, 0.0644896, 0.244868, -0.0548605, 0.355798, 4.32112,2020-06-04-16-46-44.bag
642, 1591289251, 713317152, 0, 0.1993, 0.0670822, 0.239971, -0.0688539, 0.145977, 4.56109,2020-06-04-16-46-44.bag
643, 1591289252, 2095697, 0, 0.196337, 0.0626378, 0.244621, -0.0365242, -0.0575586, 4.80571,2020-06-04-16-46-44.bag
644, 1591289252, 309848959, 0, 0.179465, 0.0696542, 0.286473, 0.0495506, -0.229752, 5.09218,2020-06-04-16-46-44.bag
645, 1591289252, 597404517, 0, 0.176667, 0.0785431, 0.315481, 0.187992, -0.364711, 5.40766,2020-06-04-16-46-44.bag
646, 1591289252, 903879224, 0, 0.174509, 0.0818352, 0.310744, 0.362622, -0.446289, 5.71841,2020-06-04-16-46-44.bag
647, 1591289253, 188903765, 0, 0.172259, 0.0692693, 0.235931, 0.545205, -0.479975, 5.95434,2020-06-04-16-46-44.bag
648, 1591289253, 492346844, 0, 0.210102, 0.0220711, 0.0509618, 0.751177, -0.526939, 6.0053,2020-06-04-16-46-44.bag
649, 1591289253, 780436746, 0, 0.221058, 0.00804273, 0.00308976, 0.965961, -0.579846, 6.00839,2020-06-04-16-46-44.bag
650, 1591289254, 87731067, 0, 0.216716, 0.0169865, 0.0373902, 1.17916, -0.622302, 6.04578,2020-06-04-16-46-44.bag
651, 1591289254, 376524698, 0, 0.212288, 0.026565, 0.0845661, 1.39174, -0.646408, 6.13035,2020-06-04-16-46-44.bag
652, 1591289254, 683022032, 0, 0.234604, 0.0228613, 0.105763, 1.62709, -0.65953, 6.23611,2020-06-04-16-46-44.bag
653, 1591289254, 971794568, 0, 0.257937, 0.0286364, 0.0986139, 1.88609, -0.643063, 6.33472,2020-06-04-16-46-44.bag
654, 1591289255, 258059493, 0, 0.267968, 0.0254168, 0.0623581, 2.15239, -0.603876, 6.39708,2020-06-04-16-46-44.bag
655, 1591289255, 563326336, 0, 0.27931, 0.0085063, -0.000949466, 2.42892, -0.563681, 6.39613,2020-06-04-16-46-44.bag
656, 1591289255, 850839848, 0, 0.271095, -0.00158515, -0.0333403, 2.69847, -0.534701, 6.36279,2020-06-04-16-46-44.bag
657, 1591289256, 157347812, 0, 0.264799, -0.00535744, -0.0354254, 2.96285, -0.518984, 6.32737,2020-06-04-16-46-44.bag
658, 1591289256, 448628018, 0, 0.258178, -0.000240843, -0.00535334, 3.22079, -0.507821, 6.32201,2020-06-04-16-46-44.bag
659, 1591289256, 756379242, 0, 0.269042, 0.00219476, 0.0173318, 3.48955, -0.495184, 6.33935,2020-06-04-16-46-44.bag
660, 1591289257, 45147270, 0, 0.258626, 0.00688155, 0.0366425, 3.74738, -0.473797, 6.37599,2020-06-04-16-46-44.bag
661, 1591289257, 352905254, 0, 0.255292, 0.0122816, 0.0417591, 4.00043, -0.43791, 6.41775,2020-06-04-16-46-44.bag
662, 1591289257, 641708462, 0, 0.249968, 0.0145104, 0.0472046, 4.2462, -0.389996, 6.46495,2020-06-04-16-46-44.bag
663, 1591289257, 949475769, 0, 0.214842, 0.0276029, 0.0889032, 4.45251, -0.324012, 6.55385,2020-06-04-16-46-44.bag
664, 1591289258, 239937419, 0, 0.211519, 0.0385242, 0.150172, 4.64603, -0.230335, 6.70403,2020-06-04-16-46-44.bag
665, 1591289258, 547759146, 0, 0.209711, 0.0406436, 0.191267, 4.82084, -0.107565, 6.89529,2020-06-04-16-46-44.bag
666, 1591289258, 834744193, 0, 0.220994, 0.075719, 0.241535, 4.9582, 0.0813886, 7.13683,2020-06-04-16-46-44.bag
667, 1591289259, 141239323, 0, 0.223422, 0.0718324, 0.246514, 5.0509, 0.296988, 7.38334,2020-06-04-16-46-44.bag
668, 1591289259, 429913568, 0, 0.230953, 0.0692193, 0.243131, 5.09393, 0.53422, 7.62647,2020-06-04-16-46-44.bag
669, 1591289259, 736420328, 0, 0.235644, 0.0761328, 0.236258, 5.07291, 0.780963, 7.86273,2020-06-04-16-46-44.bag
670, 1591289260, 24036178, 0, 0.23655, 0.0651863, 0.230835, 5.00566, 1.01693, 8.09357,2020-06-04-16-46-44.bag
671, 1591289260, 310296614, 0, 0.22704, 0.0646731, 0.149169, 4.88896, 1.22214, 8.24274,2020-06-04-16-46-44.bag
672, 1591289260, 614305697, 0, 0.2122, 0.00658492, -0.0316461, 4.80243, 1.41601, 8.21109,2020-06-04-16-46-44.bag
673, 1591289260, 901841766, 0, 0.238357, 0.0192787, 0.0290484, 4.70105, 1.63259, 8.24014,2020-06-04-16-46-44.bag
674, 1591289261, 210858839, 0, 0.253707, 0.0270572, 0.0783094, 4.58043, 1.85743, 8.31845,2020-06-04-16-46-44.bag
675, 1591289261, 500887581, 0, 0.232781, 0.0357609, 0.116365, 4.44418, 2.04953, 8.43481,2020-06-04-16-46-44.bag
676, 1591289261, 808647511, 0, 0.219849, 0.0412479, 0.147908, 4.28906, 2.21069, 8.58272,2020-06-04-16-46-44.bag
677, 1591289262, 98661879, 0, 0.20917, 0.0448426, 0.20306, 4.11632, 2.33687, 8.78578,2020-06-04-16-46-44.bag
678, 1591289262, 406422012, 0, 0.20489, 0.064287, 0.25306, 3.91351, 2.40746, 9.03884,2020-06-04-16-46-44.bag
679, 1591289262, 695619053, 0, 0.196866, 0.0659834, 0.249924, 3.70629, 2.42044, 9.28876,2020-06-04-16-46-44.bag
680, 1591289263, 3359602, 0, 0.203162, 0.0647077, 0.247333, 3.49623, 2.38388, 9.5361,2020-06-04-16-46-44.bag
681, 1591289263, 290896365, 0, 0.206701, 0.0693991, 0.239308, 3.29852, 2.29194, 9.7754,2020-06-04-16-46-44.bag
682, 1591289263, 597523110, 0, 0.217257, 0.064502, 0.22651, 3.11664, 2.15674, 10.0019,2020-06-04-16-46-44.bag
683, 1591289263, 882469235, 0, 0.218399, 0.0423071, 0.121996, 2.9567, 2.00212, 10.1239,2020-06-04-16-46-44.bag
684, 1591289264, 188915615, 0, 0.232452, 0.0256405, 0.0557462, 2.79528, 1.8329, 10.1797,2020-06-04-16-46-44.bag
685, 1591289264, 475192017, 0, 0.237784, 0.010711, 0.011674, 2.62943, 1.66217, 10.1913,2020-06-04-16-46-44.bag
686, 1591289264, 761449824, 0, 0.236505, -0.017396, -0.0467288, 2.447, 1.51065, 10.1446,2020-06-04-16-46-44.bag
687, 1591289265, 68761569, 0, 0.203913, -0.0230339, -0.112932, 2.27849, 1.39354, 10.0317,2020-06-04-16-46-44.bag
688, 1591289265, 356287620, 0, 0.211155, -0.0200572, -0.124784, 2.09361, 1.28959, 9.90689,2020-06-04-16-46-44.bag
689, 1591289265, 662813681, 0, 0.205092, -0.0241175, -0.117514, 1.90071, 1.21587, 9.78937,2020-06-04-16-46-44.bag
690, 1591289265, 951547858, 0, 0.194331, -0.024274, -0.102967, 1.71049, 1.16925, 9.68641,2020-06-04-16-46-44.bag
691, 1591289266, 259328797, 0, 0.191655, -0.0103599, -0.0739897, 1.52268, 1.12969, 9.61242,2020-06-04-16-46-44.bag
692, 1591289266, 548078610, 0, 0.183692, 0.00104889, -0.017431, 1.34241, 1.09439, 9.59498,2020-06-04-16-46-44.bag
693, 1591289266, 855869987, 0, 0.192643, 0.00455598, 0.0118882, 1.15332, 1.05727, 9.60687,2020-06-04-16-46-44.bag
694, 1591289267, 144607493, 0, 0.211456, 0.011058, 0.0285961, 0.947364, 1.0081, 9.63547,2020-06-04-16-46-44.bag
695, 1591289267, 452398403, 0, 0.253493, 0.00899128, 0.0428347, 0.701356, 0.946295, 9.6783,2020-06-04-16-46-44.bag
696, 1591289267, 743534736, 0, 0.2405, 0.0348852, 0.123916, 0.477294, 0.852203, 9.80222,2020-06-04-16-46-44.bag
697, 1591289268, 52543179, 0, 0.234522, 0.0503401, 0.198361, 0.277832, 0.718975, 10.0006,2020-06-04-16-46-44.bag
698, 1591289268, 343927137, 0, 0.2198, 0.0873292, 0.327149, 0.141025, 0.526045, 10.3277,2020-06-04-16-46-44.bag
699, 1591289268, 652076867, 0, 0.229183, 0.0908683, 0.332819, 0.0704383, 0.289825, 10.6605,2020-06-04-16-46-44.bag
700, 1591289268, 938379514, 0, 0.231735, 0.0859849, 0.290946, 0.0754494, 0.0427034, 10.9515,2020-06-04-16-46-44.bag
701, 1591289269, 244476749, 0, 0.213473, 0.0911289, 0.277877, 0.157083, -0.174578, 11.2294,2020-06-04-16-46-44.bag
702, 1591289269, 533225764, 0, 0.184507, 0.0793997, 0.278739, 0.277067, -0.335671, 11.5081,2020-06-04-16-46-44.bag
703, 1591289269, 819501445, 0, 0.170309, 0.0708194, 0.277819, 0.422304, -0.449367, 11.7859,2020-06-04-16-46-44.bag
704, 1591289270, 124767615, 0, 0.168519, 0.0619442, 0.235563, 0.585638, -0.523919, 12.0215,2020-06-04-16-46-44.bag
705, 1591289270, 411026227, 0, 0.188674, 0.055401, 0.169696, 0.775706, -0.574333, 12.1912,2020-06-04-16-46-44.bag
706, 1591289270, 718780271, 0, 0.202553, 0.0441253, 0.166313, 0.980338, -0.607501, 12.3575,2020-06-04-16-46-44.bag
707, 1591289271, 6299405, 0, 0.217738, 0.0461143, 0.157191, 1.20291, -0.607537, 12.5147,2020-06-04-16-46-44.bag
708, 1591289271, 312805907, 0, 0.230488, 0.0446739, 0.131978, 1.43539, -0.574829, 12.6467,2020-06-04-16-46-44.bag
709, 1591289271, 599088078, 0, 0.240282, 0.0281353, 0.0788836, 1.67264, -0.52751, 12.7256,2020-06-04-16-46-44.bag
710, 1591289271, 904336295, 0, 0.253986, 0.00659212, 0.014955, 1.92237, -0.480741, 12.7405,2020-06-04-16-46-44.bag
711, 1591289272, 191863692, 0, 0.255185, -0.00567302, -0.0204754, 2.17468, -0.442115, 12.72,2020-06-04-16-46-44.bag
712, 1591289272, 499614051, 0, 0.239722, -0.00865428, -0.0252204, 2.4129, -0.413976, 12.6948,2020-06-04-16-46-44.bag
713, 1591289272, 788387800, 0, 0.238405, -0.00520359, -0.0274975, 2.65001, -0.388599, 12.6673,2020-06-04-16-46-44.bag
714, 1591289273, 96552772, 0, 0.251368, -0.00352092, -0.027129, 2.90046, -0.366771, 12.6402,2020-06-04-16-46-44.bag
715, 1591289273, 385334924, 0, 0.25788, -0.00298746, -0.0136428, 3.15785, -0.350731, 12.6265,2020-06-04-16-46-44.bag
716, 1591289273, 694336697, 0, 0.25536, 0.00518151, 0.0202884, 3.41244, -0.330203, 12.6468,2020-06-04-16-46-44.bag
717, 1591289273, 983106088, 0, 0.260586, 0.00686876, 0.0328243, 3.67163, -0.302412, 12.6797,2020-06-04-16-46-44.bag
718, 1591289274, 271867022, 0, 0.262345, 0.0111229, 0.0456896, 3.93104, -0.261703, 12.7253,2020-06-04-16-46-44.bag
719, 1591289274, 579605472, 0, 0.366115, 0.0148888, 0.0782355, 4.29018, -0.189044, 12.8036,2020-06-04-16-46-44.bag
720, 1591289274, 868415925, 0, 0.300074, 0.0396533, 0.136955, 4.57253, -0.0799857, 12.9405,2020-06-04-16-46-44.bag
721, 1591289275, 176121327, 0, 0.209394, 0.0504839, 0.168402, 4.74899, 0.0435383, 13.1089,2020-06-04-16-46-44.bag
722, 1591289275, 461953245, 0, 0.23245, 0.0374798, 0.172868, 4.9287, 0.195658, 13.2818,2020-06-04-16-46-44.bag
723, 1591289275, 769703112, 0, 0.241019, 0.0453124, 0.188883, 5.0809, 0.387955, 13.4707,2020-06-04-16-46-44.bag
724, 1591289276, 58481583, 0, 0.244675, 0.0675346, 0.210592, 5.17908, 0.622022, 13.6813,2020-06-04-16-46-44.bag
725, 1591289276, 364978757, 0, 0.243996, 0.0719311, 0.217444, 5.22192, 0.872767, 13.8987,2020-06-04-16-46-44.bag
726, 1591289276, 652497221, 0, 0.240662, 0.0669928, 0.215468, 5.21366, 1.12244, 14.1142,2020-06-04-16-46-44.bag
727, 1591289276, 959002884, 0, 0.236835, 0.066499, 0.206579, 5.15262, 1.36074, 14.3208,2020-06-04-16-46-44.bag
728, 1591289277, 246520250, 0, 0.220724, 0.0585155, 0.187661, 5.05479, 1.56707, 14.5084,2020-06-04-16-46-44.bag
729, 1591289277, 553049417, 0, 0.212902, 0.0496906, 0.172629, 4.93125, 1.74744, 14.6811,2020-06-04-16-46-44.bag
730, 1591289277, 839310928, 0, 0.212779, 0.0375781, 0.142814, 4.78898, 1.91007, 14.8239,2020-06-04-16-46-44.bag
731, 1591289278, 145803470, 0, 0.208657, 0.0240383, 0.0901902, 4.63811, 2.05619, 14.9141,2020-06-04-16-46-44.bag
732, 1591289278, 433318750, 0, 0.200679, 0.00993446, 0.0431292, 4.49033, 2.19233, 14.9572,2020-06-04-16-46-44.bag
733, 1591289278, 742363966, 0, 0.202983, 0.00623075, 0.0447143, 4.33767, 2.32625, 15.0019,2020-06-04-16-46-44.bag
734, 1591289279, 32405115, 0, 0.207243, 0.0196052, 0.0994457, 4.16725, 2.4458, 15.1014,2020-06-04-16-46-44.bag
735, 1591289279, 323598996, 0, 0.208426, 0.041512, 0.193329, 3.97235, 2.53051, 15.2947,2020-06-04-16-46-44.bag
736, 1591289279, 631357407, 0, 0.19929, 0.0459838, 0.207938, 3.77137, 2.56844, 15.5026,2020-06-04-16-46-44.bag
737, 1591289279, 918880160, 0, 0.187418, 0.0631443, 0.211662, 3.57501, 2.54484, 15.7143,2020-06-04-16-46-44.bag
738, 1591289280, 227877894, 0, 0.202048, 0.058206, 0.221077, 3.37333, 2.48536, 15.9354,2020-06-04-16-46-44.bag
739, 1591289280, 515406975, 0, 0.194033, 0.0585489, 0.235801, 3.1975, 2.38457, 16.1712,2020-06-04-16-46-44.bag
740, 1591289280, 821916137, 0, 0.212367, 0.0633637, 0.225801, 3.03582, 2.233, 16.397,2020-06-04-16-46-44.bag
741, 1591289281, 108186430, 0, 0.239805, 0.0620057, 0.161141, 2.89014, 2.03267, 16.5581,2020-06-04-16-46-44.bag
742, 1591289281, 410968858, 0, 0.220346, 0.0436905, -0.0349417, 2.77756, 1.83828, 16.5232,2020-06-04-16-46-44.bag
743, 1591289281, 695959695, 0, 0.162476, 0.0335464, -0.0023971, 2.69057, 1.69702, 16.5208,2020-06-04-16-46-44.bag
744, 1591289282, 2475073, 0, 0.222078, -0.0195804, -0.123076, 2.52368, 1.5492, 16.3977,2020-06-04-16-46-44.bag
745, 1591289282, 291231757, 0, 0.194094, -0.0158629, -0.115724, 2.36385, 1.43793, 16.282,2020-06-04-16-46-44.bag
746, 1591289282, 598987823, 0, 0.19002, -0.030472, -0.12335, 2.18774, 1.36034, 16.1586,2020-06-04-16-46-44.bag
747, 1591289282, 888994340, 0, 0.174619, -0.0156434, -0.0820542, 2.02374, 1.29837, 16.0766,2020-06-04-16-46-44.bag
748, 1591289283, 195504030, 0, 0.174033, -0.0100879, -0.052512, 1.85776, 1.24507, 16.024,2020-06-04-16-46-44.bag
749, 1591289283, 484268186, 0, 0.174618, 0.00212976, -0.00176102, 1.69246, 1.18877, 16.0223,2020-06-04-16-46-44.bag
750, 1591289283, 774263896, 0, 0.193848, 0.0111756, 0.0269831, 1.51156, 1.11821, 16.0493,2020-06-04-16-46-44.bag
751, 1591289284, 82013232, 0, 0.208804, 0.0136859, 0.0296374, 1.31939, 1.03542, 16.0789,2020-06-04-16-46-44.bag
752, 1591289284, 370784709, 0, 0.21547, 0.0148382, 0.0307485, 1.12395, 0.943486, 16.1097,2020-06-04-16-46-44.bag
753, 1591289284, 678542014, 0, 0.220676, 0.0106681, 0.0366546, 0.92501, 0.847387, 16.1463,2020-06-04-16-46-44.bag
754, 1591289284, 968558274, 0, 0.212024, 0.0169335, 0.085312, 0.740219, 0.742062, 16.2316,2020-06-04-16-46-44.bag
755, 1591289285, 277565663, 0, 0.195637, 0.0355538, 0.15733, 0.588578, 0.613444, 16.389,2020-06-04-16-46-44.bag
756, 1591289285, 566328107, 0, 0.186162, 0.0455126, 0.211482, 0.472593, 0.460882, 16.6004,2020-06-04-16-46-44.bag
757, 1591289285, 874090590, 0, 0.179371, 0.0632561, 0.260725, 0.409292, 0.281527, 16.8612,2020-06-04-16-46-44.bag
758, 1591289286, 160352517, 0, 0.17254, 0.0646827, 0.258091, 0.39844, 0.0975805, 17.1193,2020-06-04-16-46-44.bag
759, 1591289286, 468102314, 0, 0.148837, 0.0645182, 0.240725, 0.438498, -0.0596144, 17.36,2020-06-04-16-46-44.bag
760, 1591289286, 754371785, 0, 0.162016, 0.0676663, 0.194516, 0.519086, -0.215607, 17.5545,2020-06-04-16-46-44.bag
761, 1591289287, 59628715, 0, 0.162548, 0.029597, 0.102155, 0.591819, -0.363957, 17.6566,2020-06-04-16-46-44.bag
762, 1591289287, 345897647, 0, 0.125079, 0.0116341, 0.0166922, 0.648781, -0.475919, 17.6733,2020-06-04-16-46-44.bag
763, 1591289287, 651152278, 0, 0.0724714, 0.0154003, 0.0440235, 0.690858, -0.536901, 17.7174,2020-06-04-16-46-44.bag
764, 1591289287, 938663336, 0, 0.0098634, 0.00118942, 0.0122437, 0.696123, -0.545326, 17.7296,2020-06-04-16-46-44.bag
765, 1591289288, 245175515, 0, -0.00198844, -0.0019793, 0.000391862, 0.693475, -0.544399, 17.73,2020-06-04-16-46-44.bag
766, 1591289288, 532681918, 0, -0.00443014, -0.000235666, -0.00141884, 0.691331, -0.540515, 17.7286,2020-06-04-16-46-44.bag
767, 1591289288, 820200613, 0, -0.00377171, 0.000642249, -0.00200411, 0.69027, -0.536839, 17.7266,2020-06-04-16-46-44.bag
768, 1591289289, 127951087, 0, -0.0027109, 9.35519e-05, -0.000687239, 0.68918, -0.534355, 17.7259,2020-06-04-16-46-44.bag
769, 1591289289, 415383876, 0, -0.000817892, 0.000288645, -0.0011262, 0.689087, -0.533493, 17.7248,2020-06-04-16-46-44.bag
770, 1591289289, 723120309, 0, -0.000159457, 0.000837342, -0.000906718, 0.689774, -0.532988, 17.7239,2020-06-04-16-46-44.bag
771, 1591289290, 12041794, 0, -0.000232616, -0.000479531, -0.0005775, 0.689241, -0.532984, 17.7233,2020-06-04-16-46-44.bag
772, 1591289290, 319777785, 0, -0.000232617, -0.00146718, -0.0005775, 0.687816, -0.533405, 17.7227,2020-06-04-16-46-44.bag
773, 1591289290, 607287331, 0, -0.000232617, -0.000232617, 0.000300415, 0.687506, -0.533295, 17.723,2020-06-04-16-46-44.bag
774, 1591289290, 915052594, 0, 9.65998e-05, 9.66017e-05, 0.000300415, 0.687635, -0.533341, 17.7233,2020-06-04-16-46-44.bag
